organization_id,incremental_id,profit_center_code,profit_center_desc
1,1,2060416,FD-III-HEALTH
1,2,1011116,KHI1-HEALTH
1,3,1011216,ZAM-HEALTH
1,4,2140116,RE-HEALTH
1,5,2090216,ISD-HEALTH
1,6,2130116,FTB-HEALTH
1,7,2060316,PCB-HEALTH
1,8,2010716,CI-HEALTH 
1,9,2010816,QR-HEALTH
1,10,2080116,P1-HEALTH
1,11,2080216,P2-HEALTH
1,12,2090116,IS-HEALTH
1,13,2100116,GW-HEALTH
1,14,2100216,GW-HEALTH
1,15,2110116,HS-HEALTH
1,16,1040116,QT-HEALTH
1,17,1010716,RP-HEALTH
1,18,1010816,K6-HEALTH
1,19,1010916,K5-HEALTH
1,20,2010916,MR-HEALTH
1,21,2011016,LB-HEALTH
1,22,2010516,HO-HEALTH
1,23,2010116,ALN-HEALTH
1,24,2010216,MRB-HEALTH
1,25,2010416,NRB-HEALTH
1,26,2010316,FJRB-HEALTH
1,27,2020116,RWP-HEALTH
1,28,2030116,SKT-HEALTH
1,29,2040116,SHL-HEALTH
1,30,2050116,MUL-HEALTH
1,31,2060116,FSD-I-HEALTH
1,32,2060216,FSD-II-HEALTH
1,33,2070116,BWP-HEALTH
1,34,1010116,KAR-HEALTH
1,35,1010216,RPB-HEALTH
1,36,1020116,HYD-HEALTH
1,37,1030116,SUK-HEALTH
1,38,1010416,CORP-HEALTH
1,39,1010316,TRB-HEALTH
1,40,1010516,GRPS-HEALTH
1,41,1010616,ZO-HEALTH
1,42,2010616,HAC-HEALTH
1,43,2120116,GWL-HEALTH
1,44,1011016,NCB-HEALTH
1,45,2011116,TRV-HEALTH
1,46,2011216,LHR-II-HEALTH
1,47,2120216,GTR-HEALTH
1,48,2090300,ISB-None
1,49,2090312,ISB-Marine
1,50,2090313,ISB-Motor
1,51,2090314,ISB-Misc
1,52,2090316,ISB-Health
1,53,2011313,MBB-Motor
1,54,2011314,MBB-Misc
1,55,2060411,FD-III-Fire
1,56,2060400,FD-III-None
1,57,2060412,FD-III-Marine
1,58,1011214,ZAM-Misc
1,59,2120214,GTR-Misc
1,60,1011100,KHI1-None
1,61,1011111,KHI1-Fire
1,62,1011112,KHI1-Marine
1,63,1011200,ZAM-None
1,64,1011211,ZAM-Fire
1,65,1011212,ZAM-Marine
1,66,2120200,GTR-None
1,67,2120213,GTR-Motor
1,68,2140111,RE-FIRE
1,69,2140112,RE-MARINE
1,70,2090211,ISD-Fire
1,71,2011214,LHR-II-MISC
1,72,2140113,RE-MOTOR
1,73,2090214,ISD-Misc
1,74,2060312,PCB-MARINE
1,75,2130113,FTB-MOTOR
1,76,2130111,FTB-FIRE
1,77,2130112,FTB-MARINE
1,78,2140100,RE-NONE
1,79,2060313,PCB-MOTOR
1,80,2090213,ISD-Motor
1,81,2011112,TRV-Marine
1,82,2060300,PCB-NONE
1,83,2011212,LHR-II-MARINE
1,84,2060311,PCB-FIRE
1,85,2060314,PCB-MISCELLANEOUS
1,86,2010500,HO-None
1,87,2010100,ALN-None
1,88,2010200,MRB-None
1,89,2010400,NRB-None
1,90,2010300,FJRB-None
1,91,2020100,RWP-None
1,92,2030100,SKT-None
1,93,2040100,SHL-None
1,94,2050100,MUL-None
1,95,2060100,FSD-I-None
1,96,2060200,FSD-II-None
1,97,2070100,BWP-None
1,98,1010100,KAR-None
1,99,1010200,RPB-None
1,100,1020100,HYD-None
1,101,1030100,SUK-None
1,102,1010400,CORP-None
1,103,1010300,TRB-None
1,104,1010500,GRPS-None
1,105,1010600,ZO-None
1,106,2010600,HAC-None
1,107,2010700,CI-None
1,108,2010711,CI-Fire 
1,109,2010712,CI-Marine
1,110,2010713,CI-Motor
1,111,2010714,CI-Misc
1,112,2010800,QR-None
1,113,2010811,QR-Fire
1,114,2010812,QR-Marine
1,115,2010813,QR-Motor
1,116,2010814,QR-Misc
1,117,2080100,P1-None
1,118,2080111,P1-Fire
1,119,2080112,P1-Marine
1,120,2080113,P1-Motor
1,121,2080114,P1-Misc
1,122,2080200,P2-None
1,123,2080211,P2-Fire
1,124,2080212,P2-Marine
1,125,2080213,P2-Motor
1,126,2080214,P2-Misc
1,127,2090100,IS-None
1,128,2090111,IS-Fire
1,129,2090112,IS-Marine
1,130,2090113,IS-Motor
1,131,2090114,IS-Misc
1,132,2100100,GW-None
1,133,2100111,GW-Fire
1,134,2100112,GW-Marine
1,135,2100113,GW-Motor
1,136,2100114,GW-Misc
1,137,2100200,GW-None
1,138,2100211,GW-Fire
1,139,2100212,GW-Marine
1,140,2100213,GW-Motor
1,141,2100214,GW-Misc
1,142,2110100,HS-None
1,143,2110111,HS-Fire
1,144,2110112,HS-Marine
1,145,2110113,HS-Motor
1,146,2110114,HS-Misc
1,147,1040100,QT-None
1,148,1040111,QT-Fire
1,149,1040112,QT-Marine
1,150,1040113,QT-Motor
1,151,1040114,QT-Misc
1,152,1010700,RP-None
1,153,1010711,RP-Fire
1,154,1010712,RP-Marine
1,155,1010713,RP-Motor
1,156,1010714,RP-Misc
1,157,1010800,K6-None
1,158,1010811,K6-Fire
1,159,1010812,K6-Marine
1,160,1010813,K6-Motor
1,161,1010814,K6-Misc
1,162,1010900,K5-None
1,163,1010911,K5-Fire
1,164,1010912,K5-Marine
1,165,1010913,K5-Motor
1,166,1010914,K5-Misc
1,167,2010900,MR-None
1,168,2010911,MR-Fire
1,169,2010912,MR-Marine
1,170,2010913,MR-Motor
1,171,2010914,MR-Misc
1,172,2011000,LB-None
1,173,2011011,LB-Fire
1,174,2011012,LB-Marine
1,175,2011013,LB-Motor
1,176,2011014,LB-Misc
1,177,2010511,HO-Fire
1,178,2010512,HO-Marine
1,179,2010513,HO-Motor
1,180,2010514,HO-Misc
1,181,2010111,ALN-Fire
1,182,2010112,ALN-Marine
1,183,2010113,ALN-Motor
1,184,2010114,ALN-Misc
1,185,2010211,MRB-Fire
1,186,2010212,MRB-Marine
1,187,2010213,MRB-Motor
1,188,2010214,MRB-Misc
1,189,2010411,NRB-Fire
1,190,2010412,NRB-Marine
1,191,2010413,NRB-Motor
1,192,2010414,NRB-Misc
1,193,2010311,FJRB-Fire
1,194,2010312,FJRB-Marine
1,195,2010313,FJRB-Motor
1,196,2010314,FJRB-Misc
1,197,2020111,RWP-Fire
1,198,2020112,RWP-Marine
1,199,2020113,RWP-Motor
1,200,2020114,RWP-Misc
1,201,2030111,SKT-Fire
1,202,2030112,SKT-Marine
1,203,2030113,SKT-Motor
1,204,2030114,SKT-Misc
1,205,2040111,SHL-Fire
1,206,2040112,SHL-Marine
1,207,2040113,SHL-Motor
1,208,2040114,SHL-Misc
1,209,2050111,MUL-Fire
1,210,2050112,MUL-Marine
1,211,2050113,MUL-Motor
1,212,2050114,MUL-Misc
1,213,2060111,FSD-I-Fire
1,214,2060112,FSD-I-Marine
1,215,2060113,FSD-I-Motor
1,216,2060114,FSD-I-Misc
1,217,2060211,FSD-II-Fire
1,218,2060212,FSD-II-Marine
1,219,2060213,FSD-II-Motor
1,220,2060214,FSD-II-Misc
1,221,2070111,BWP-Fire
1,222,2070112,BWP-Marine
1,223,2070113,BWP-Motor
1,224,2070114,BWP-Misc
1,225,1010111,KAR-Fire
1,226,1010112,KAR-Marine
1,227,1010113,KAR-Motor
1,228,1010114,KAR-Misc
1,229,1010211,RPB-Fire
1,230,1010212,RPB-Marine
1,231,1010213,RPB-Motor
1,232,1010214,RPB-Misc
1,233,1020111,HYD-Fire
1,234,1020112,HYD-Marine
1,235,1020113,HYD-Motor
1,236,1020114,HYD-Misc
1,237,1030111,SUK-Fire
1,238,1030112,SUK-Marine
1,239,1030113,SUK-Motor
1,240,1030114,SUK-Misc
1,241,1010411,CORP-Fire
1,242,1010412,CORP-Marine
1,243,1010413,CORP-Motor
1,244,1010414,CORP-Misc
1,245,1010311,TRB-Fire
1,246,1010312,TRB-Marine
1,247,1010313,TRB-Motor
1,248,1010314,TRB-Misc
1,249,1010511,GRPS-Fire
1,250,1010512,GRPS-Marine
1,251,1010513,GRPS-Motor
1,252,1010514,GRPS-Misc
1,253,1010611,ZO-Fire
1,254,1010612,ZO-Marine
1,255,1010613,ZO-Motor
1,256,1010614,ZO-Misc
1,257,2010611,HAC-Fire
1,258,2010612,HAC-Marine
1,259,2010613,HAC-Motor
1,260,2010614,HAC-Misc
1,261,2120111,GWL-FIRE
1,262,2120113,GWL-MOTOR
1,263,1011011,NCB-Fire
1,264,2120100,GWL-NONE
1,265,2120112,GWL-MARINE
1,266,2120114,GWL-MISC
1,267,1011000,NCB-None
1,268,1011012,NCB-Marine
1,269,1011013,NCB-Motor
1,270,1011014,NCB-Misc
1,271,2090212,ISD-Marine
1,272,2130114,FTB-MISC
1,273,2011111,TRV-Fire
1,274,2011211,LHR-II-FIRE
1,275,2011200,LHR-II-None
1,276,2011213,LHR-II-MOTOR
1,277,2140114,RE-MISCELLANEOUS
1,278,2011114,TRV-Misc
1,279,2011113,TRV-Motor
1,280,2130100,FTB-NONE
1,281,2090200,ISD-None
1,282,1011213,ZAM-Motor
1,283,2120212,GTR-Marine
1,284,1011113,KHI1-Motor
1,285,1011114,KHI1-Misc
1,286,2120211,GTR-Fire
1,287,2011100,TRV-None
1,288,2060413,FD-III-Motor
1,289,2060414,FD-III-Misc
1,290,2011311,MBB-Fire
1,291,2011312,MBB-Marine
1,292,2011316,MBB-Health
1,293,2090311,ISB-Fire
1,294,2011362,MBB-Administration
1,295,2011300,MBB-None
1,296,1011312,NCB-II-Marine
1,297,1011311,NCB-II-Fire
1,298,1011313,NCB-II-Motor
1,299,2011412,MBB-II-Marine
1,300,2011411,MBB-II-Fire
1,301,2011413,MBB-II-Motor
1,302,2011414,MBB-II-Misc
1,303,2011462,MBB-II-Administration
1,304,2011400,MBB-II-None
1,305,2011416,MBB-II-Health
1,306,0,None
1,307,1011314,NCB-II-MISC
1,308,1011300,NCB-II-None
1,309,1011316,NCB-II-HEALTH
1,310,2020200,RWP2-None
1,311,2020211,RWP2-Fire
1,312,2020212,RWP2-Marine
1,313,2020213,RWP2-Motor
1,314,2020214,RWP2-Misc
1,315,2020216,RWP2-HEALTH
1,316,2060500,BCF-None
1,317,2060511,BCF-Fire
1,318,2060512,BCF-Marine
1,319,2060513,BCF-Motor
1,320,2060514,BCF-Misc
1,321,2060516,BCF-HEALTH
1,322,1011400,SDR-None
1,323,1011411,SDR-Fire
1,324,1011412,SDR-Marine
1,325,1011413,SDR-Motor
1,326,1011414,SDR-Misc
1,327,1011416,SDR-Health
1,328,5010100,KART-None
1,329,5010111,KART-Fire
1,330,5010112,KART-Marine
1,331,5010113,KART-Motor
1,332,5010114,KART-Misc
1,333,5010116,KART-HEALTH
1,334,5010200,RPBT-None
1,335,5010211,RPBT-Fire
1,336,5010212,RPBT-Marine
1,337,5010213,RPBT-Motor
1,338,5010214,RPBT-Misc
1,339,5010216,RPBT-HEALTH
1,340,5010300,TRBT-None
1,341,5010311,TRBT-Fire
1,342,5010312,TRBT-Marine
1,343,5010313,TRBT-Motor
1,344,5010314,TRBT-Misc
1,345,5010316,TRBT-HEALTH
1,346,5010400,CORPT-None
1,347,5010411,CORPT-Fire
1,348,5010412,CORPT-Marine
1,349,5010413,CORPT-Motor
1,350,5010414,CORPT-Misc
1,351,5010416,CORPT-HEALTH
1,352,5010500,GRPST-None
1,353,5010511,GRPST-Fire
1,354,5010512,GRPST-Marine
1,355,5010513,GRPST-Motor
1,356,5010514,GRPST-Misc
1,357,5010516,GRPST-HEALTH
1,358,5010600,ZOT-None
1,359,5010611,ZOT-Fire
1,360,5010612,ZOT-Marine
1,361,5010613,ZOT-Motor
1,362,5010614,ZOT-Misc
1,363,5010616,ZOT-HEALTH
1,364,5011100,KHI1T-None
1,365,5011111,KHI1T-Fire
1,366,5011112,KHI1T-Marine
1,367,5011113,KHI1T-Motor
1,368,5011114,KHI1T-Misc
1,369,5011116,KHI1T-HEALTH
1,370,5011200,ZAMT-None
1,371,5011211,ZAMT-Fire
1,372,5011212,ZAMT-Marine
1,373,5011213,ZAMT-Motor
1,374,5011214,ZAMT-Misc
1,375,5011216,ZAMT-HEALTH
1,376,5011300,NCBT-II-None
1,377,5011311,NCBT-II-Fire
1,378,5011312,NCBT-II-Marine
1,379,5011313,NCBT-II-Motor
1,380,5011314,NCBT-II-MISC
1,381,5011316,NCBT-II-HEALTH
1,382,5011400,SDRT-None
1,383,5011411,SDRT-Fire
1,384,5011412,SDRT-Marine
1,385,5011413,SDRT-Motor
1,386,5011414,SDRT-Misc
1,387,5011416,SDRT-Health
1,388,5020100,HYDT-None
1,389,5020111,HYDT-Fire
1,390,5020112,HYDT-Marine
1,391,5020113,HYDT-Motor
1,392,5020114,HYDT-Misc
1,393,5020116,HYDT-HEALTH
1,394,5030100,SUKT-None
1,395,5030111,SUKT-Fire
1,396,5030112,SUKT-Marine
1,397,5030113,SUKT-Motor
1,398,5030114,SUKT-Misc
1,399,5030116,SUKT-HEALTH
1,400,6010100,ALNT-None
1,401,6010111,ALNT-Fire
1,402,6010112,ALNT-Marine
1,403,6010113,ALNT-Motor
1,404,6010114,ALNT-Misc
1,405,6010116,ALNT-HEALTH
1,406,6010300,FJRBT-None
1,407,6010311,FJRBT-Fire
1,408,6010312,FJRBT-Marine
1,409,6010313,FJRBT-Motor
1,410,6010314,FJRBT-Misc
1,411,6010316,FJRBT-HEALTH
1,412,6010400,NRBT-None
1,413,6010411,NRBT-Fire
1,414,6010412,NRBT-Marine
1,415,6010413,NRBT-Motor
1,416,6010414,NRBT-Misc
1,417,6010416,NRBT-HEALTH
1,418,6010600,HACT-None
1,419,6010611,HACT-Fire
1,420,6010612,HACT-Marine
1,421,6010613,HACT-Motor
1,422,6010614,HACT-Misc
1,423,6010616,HACT-HEALTH
1,424,6010700,CIT-None
1,425,6010711,CIT-Fire 
1,426,6010712,CIT-Marine
1,427,6010713,CIT-Motor
1,428,6010714,CIT-Misc
1,429,6010716,CIT-HEALTH 
1,430,6011000,LBT-None
1,431,6011011,LBT-Fire
1,432,6011012,LBT-Marine
1,433,6011013,LBT-Motor
1,434,6011014,LBT-Misc
1,435,6011016,LBT-HEALTH
1,436,6011100,TRVT-None
1,437,6011111,TRVT-Fire
1,438,6011112,TRVT-Marine
1,439,6011113,TRVT-Motor
1,440,6011114,TRVT-Misc
1,441,6011116,TRVT-HEALTH
1,442,6011200,LHRT-II-None
1,443,6011211,LHRT-II-FIRE
1,444,6011212,LHRT-II-MARINE
1,445,6011213,LHRT-II-MOTOR
1,446,6011214,LHRT-II-MISC
1,447,6011216,LHRT-II-HEALTH
1,448,6011400,MBBT-II-None
1,449,6011411,MBBT-II-Fire
1,450,6011412,MBBT-II-Marine
1,451,6011413,MBBT-II-Motor
1,452,6011414,MBBT-II-Misc
1,453,6011416,MBBT-II-Health
1,454,6011462,MBBT-II-Administration
1,455,6020100,RWPT-None
1,456,6020111,RWPT-Fire
1,457,6020112,RWPT-Marine
1,458,6020113,RWPT-Motor
1,459,6020114,RWPT-Misc
1,460,6020116,RWPT-HEALTH
1,461,6020200,RWP2T-None
1,462,6020211,RWP2T-Fire
1,463,6020212,RWP2T-Marine
1,464,6020213,RWP2T-Motor
1,465,6020214,RWP2T-Misc
1,466,6020216,RWP2T-HEALTH
1,467,6030100,SKTT-None
1,468,6030111,SKTT-Fire
1,469,6030112,SKTT-Marine
1,470,6030113,SKTT-Motor
1,471,6030114,SKTT-Misc
1,472,6030116,SKTT-HEALTH
1,473,6050100,MULT-None
1,474,6050111,MULT-Fire
1,475,6050112,MULT-Marine
1,476,6050113,MULT-Motor
1,477,6050114,MULT-Misc
1,478,6050116,MULT-HEALTH
1,479,6060200,FSDT-II-None
1,480,6060211,FSDT-II-Fire
1,481,6060212,FSDT-II-Marine
1,482,6060213,FSDT-II-Motor
1,483,6060214,FSDT-II-Misc
1,484,6060216,FSDT-II-HEALTH
1,485,6060500,BCFT-None
1,486,6060511,BCFT-Fire
1,487,6060512,BCFT-Marine
1,488,6060513,BCFT-Motor
1,489,6060514,BCFT-Misc
1,490,6060516,BCFT-HEALTH
1,491,6090300,ISBT-None
1,492,6090311,ISBT-Fire
1,493,6090312,ISBT-Marine
1,494,6090313,ISBT-Motor
1,495,6090314,ISBT-Misc
1,496,6090316,ISBT-Health
1,497,6130100,FTBT-NONE
1,498,6130111,FTBT-FIRE
1,499,6130112,FTBT-MARINE
1,500,6130113,FTBT-MOTOR
1,501,6130114,FTBT-MISC
1,502,6130116,FTBT-HEALTH
1,503,6140100,RET-NONE
1,504,6140111,RET-FIRE
1,505,6140112,RET-MARINE
1,506,6140113,RET-MOTOR
1,507,6140114,RET-MISCELLANEOUS
1,508,6140116,RET-HEALTH
1,509,6010500,HOT-None
1,510,6010511,HOT-Fire
1,511,6010512,HOT-Marine
1,512,6010513,HOT-Motor
1,513,6010514,HOT-Misc
1,514,6010516,HOT-HEALTH
1,515,2040200,SWL-None
1,516,2040211,SWL-Fire
1,517,2040212,SWL-Marine
1,518,2040213,SWL-Motor
1,519,2040214,SWL-Misc
1,520,2040216,SWL-HEALTH
1,521,6040100,SWLT-None
1,522,6040111,SWLT-FIRE
1,523,6040112,SWLT-MARINE
1,524,6040113,SWLT-MOTOR
1,525,6040114,SWLT-MISC
1,526,6040116,SWLT-HEALTH
1,527,2060562,BCF-Admin
1,528,2060591,BCF-Markt
1,529,5010391,TRBT-Marketing
1,530,5011491,SDRT-Marketing
1,531,6060591,BCFT-Marketing
1,532,1011491,SDR-Marketing
1,533,2040291,SWL-MKT
1,534,2011500,DHA-None
1,535,2011511,DHA-Fire
1,536,2011512,DHA-Marine
1,537,2011513,DHA-Motor
1,538,2011514,DHA-Misc
1,539,2011516,DHA-Health
1,540,6011500,DHAT-None
1,541,6011511,DHAT-Fire
1,542,6011512,DHAT-Marine
1,543,6011513,DHAT-Motor
1,544,6011514,DHAT-Misc
1,545,6011516,DHAT-Health
1,546,2011600,HBI-None
1,547,2011613,HBI-Motor
1,548,2011611,HBI-Fre
1,549,2011612,HBI-Marine
1,550,2011614,HBI-Misc
1,551,6011600,HBIT-None
1,552,6011611,HBIT-Fire
1,553,6011612,HBIT-Marine
1,554,6011613,HBIT-Motor
1,555,6011614,HBIT-Misc
1,556,2090400,ISB-II-NONE
1,557,2090411,ISB-II-FIRE
1,558,2090412,ISB-II-MARINE
1,559,2090413,ISB-II-MOTOR
1,560,2090414,ISB-II-MISC
1,561,2090416,ISB-II-HEALTH
1,562,6090400,ISBT-II-NONE
1,563,6090411,ISBT-II-FIRE
1,564,6090412,ISBT-II-MARINE
1,565,6090413,ISBT-II-MOTOR
1,566,6090414,ISBT-II-MISC
1,567,6090416,ISBT-II-HEALTH
1,568,2040261,SWL-ADMIN & HR
1,569,1010562,GRPS-Administration
1,570,2011562,DHA-Administrator
1,571,1010162,KAR-Administrator
1,572,2090462,ISB-II-Administrator
1,573,2020262,RWP2-Administrator
1,574,2040262,SWL-Administrator
1,575,1010262,RPB-Administrator
1,576,1011462,SDR-Administrator
1,577,6090399,ISBT-Marketing
1,578,2011700,LHD-None
1,579,2011711,LHD-Fire
1,580,2011712,LHD-Marine
1,581,2011713,LHD-Motor
1,582,2011714,LHD-Misc
1,583,2011716,LHD-Health
1,584,6011700,LHDT-None
1,585,6011711,LHDT-Fire
1,586,6011712,LHDT-Marine
1,587,6011713,LHDT-Motor
1,588,6011714,LHDT-MISC
1,589,6011716,LHDT-Health
1,590,1011500,KD-None
1,591,1011511,KD-Fire
1,592,1011512,KD-Marine
1,593,1011513,KD-Motor
1,594,1011514,KD-Misc
1,595,1011516,KD-Health
1,596,2011800,LHC-None
1,597,2011811,LHC-Fire
1,598,2011812,LHC-Marine
1,599,2011813,LHC-Motor
1,600,2011814,LHC-Misc
1,601,2011816,LHC-Health
1,602,2090500,ISB-III-NONE
1,603,2090511,ISB-III-FIRE
1,604,2090512,ISB-III-MARINE
1,605,2090513,ISB-III-MOTOR
1,606,2090514,ISB-III-MISC
1,607,2090516,ISB-III-HEALTH
1,608,6090500,ISBT-III-NONE
1,609,6090511,ISBT-III-FIRE
1,610,6090512,ISBT-III-MARINE
1,611,6090513,ISBT-III-MOTOR
1,612,6090514,ISBT-III-MISC
1,613,6090516,ISBT-III-HEALTH
1,614,2020300,RWPC-NONE
1,615,2020311,RWPC-FIRE
1,616,2020312,RWPC-MARINE
1,617,2020313,RWPC-MOTOR
1,618,2020314,RWPC-MISC
1,619,2020316,RWPC-HEALTH
